{
    "metadata":{
        "type":"Geometry",
        "vertices":90,
        "generator":"io_three",
        "version":3,
        "faces":84
    },
    "vertices":[4668.34,7.18806e-05,1644.44,4672.79,7.19116e-05,1645.14,4676.17,7.1927e-05,1645.5,4680.98,7.19224e-05,1645.39,4688.04,7.18847e-05,1644.53,4692.57,7.18388e-05,1643.48,4697.62,7.17588e-05,1641.65,4702.4,7.16685e-05,1639.59,4706.68,7.15662e-05,1637.24,4710.41,7.14643e-05,1634.91,4714.64,7.13231e-05,1631.68,4718.64,7.11531e-05,1627.79,4721.79,7.0988e-05,1624.02,4724,7.08434e-05,1620.71,4725.51,7.07144e-05,1617.76,4726.4,7.06122e-05,1615.42,4664.46,7.1816e-05,1642.96,4668.34,6.00007,1644.44,4672.79,6.00007,1645.14,4676.17,6.00007,1645.5,4680.98,6.00007,1645.39,4688.04,6.00007,1644.53,4692.57,6.00007,1643.48,4697.62,6.00007,1641.65,4702.4,6.00007,1639.59,4706.68,6.00007,1637.24,4710.41,6.00007,1634.91,4714.64,6.00007,1631.68,4718.64,6.00007,1627.79,4721.79,6.00007,1624.02,4724,6.00007,1620.71,4725.51,6.00007,1617.76,4726.4,6.00007,1615.42,4664.46,6.00007,1642.96,4653.5,7.07416e-05,1618.38,4715.49,6.95401e-05,1590.89,4710.76,6.94654e-05,1589.18,4706.47,6.94369e-05,1588.53,4700.86,6.94249e-05,1588.26,4694.93,6.94495e-05,1588.82,4689.32,6.94989e-05,1589.95,4683.44,6.9576e-05,1591.71,4680.17,6.9634e-05,1593.04,4676.59,6.97096e-05,1594.77,4672.56,6.98061e-05,1596.98,4669.23,6.99011e-05,1599.15,4665.31,7.00356e-05,1602.23,4661.9,7.01739e-05,1605.39,4658.63,7.03438e-05,1609.28,4656.27,7.04889e-05,1612.6,4654.46,7.06359e-05,1615.96,4653.5,6.00007,1618.38,4715.49,6.00007,1590.89,4710.76,6.00007,1589.18,4706.47,6.00007,1588.53,4700.86,6.00007,1588.26,4694.93,6.00007,1588.82,4689.32,6.00007,1589.95,4683.44,6.00007,1591.71,4680.17,6.00007,1593.04,4676.59,6.00007,1594.77,4672.56,6.00007,1596.98,4669.23,6.00007,1599.15,4665.31,6.00007,1602.23,4661.9,6.00007,1605.39,4658.63,6.00007,1609.28,4656.27,6.00007,1612.6,4654.46,6.00007,1615.96,4652.94,7.13065e-05,1631.3,4654.54,7.14544e-05,1634.69,4656.22,7.15701e-05,1637.33,4716.29,7.04053e-05,1610.68,4719.17,7.03254e-05,1608.86,4721.73,7.0242e-05,1606.95,4724.84,7.00974e-05,1603.64,4726.47,6.99801e-05,1600.96,4724.91,6.98561e-05,1598.12,4723.51,6.97865e-05,1596.53,4652.36,7.11674e-05,1628.12,4652.94,6.00007,1631.3,4654.54,6.00007,1634.69,4656.22,6.00007,1637.33,4716.29,6.00007,1610.68,4719.17,6.00007,1608.86,4721.73,6.00007,1606.95,4724.84,6.00007,1603.64,4726.47,6.00007,1600.96,4724.91,6.00007,1598.12,4723.51,6.00007,1596.53,4652.36,6.00007,1628.12],
    "faces":[1,16,0,17,33,1,0,1,18,17,1,1,2,19,18,1,2,3,20,19,1,3,4,21,20,1,4,5,22,21,1,5,6,23,22,1,6,7,24,23,1,7,8,25,24,1,8,9,26,25,1,9,10,27,26,1,10,11,28,27,1,11,12,29,28,1,12,13,30,29,1,13,14,31,30,1,14,15,32,31,1,15,16,33,32,0,33,17,18,0,18,19,20,0,20,21,22,0,22,23,24,0,24,25,26,0,26,27,28,0,28,29,30,0,30,31,32,0,32,33,18,0,18,20,22,0,22,24,26,0,26,28,30,0,30,32,18,0,18,22,26,0,18,26,30,1,50,34,51,67,1,34,35,52,51,1,35,36,53,52,1,36,37,54,53,1,37,38,55,54,1,38,39,56,55,1,39,40,57,56,1,40,41,58,57,1,41,42,59,58,1,42,43,60,59,1,43,44,61,60,1,44,45,62,61,1,45,46,63,62,1,46,47,64,63,1,47,48,65,64,1,48,49,66,65,1,49,50,67,66,0,67,51,52,0,52,53,54,0,54,55,56,0,56,57,58,0,58,59,60,0,60,61,62,0,62,63,64,0,64,65,66,0,66,67,52,0,52,54,56,0,56,58,60,0,60,62,64,0,64,66,52,0,52,56,60,0,52,60,64,1,78,68,79,89,1,68,69,80,79,1,69,70,81,80,1,70,71,82,81,1,71,72,83,82,1,72,73,84,83,1,73,74,85,84,1,74,75,86,85,1,75,76,87,86,1,76,77,88,87,1,77,78,89,88,0,89,79,80,0,80,81,82,0,82,83,84,0,84,85,86,0,86,87,88,0,88,89,80,0,80,82,84,0,84,86,88,0,80,84,88]
}