{
    "metadata":{
        "type":"Geometry",
        "vertices":182,
        "generator":"io_three",
        "version":3,
        "faces":161
    },
    "vertices":[2290.56,9.28671e-05,2124.55,2315.18,9.34199e-05,2137.2,2336.01,9.38705e-05,2147.51,2353.14,9.22926e-05,2111.41,2308.33,9.13393e-05,2089.6,2291.05,9.28277e-05,2123.65,2290.56,29.4001,2124.55,2315.18,29.4001,2137.2,2336.01,29.4001,2147.51,2353.14,29.4001,2111.41,2308.33,29.4001,2089.6,2291.05,29.4001,2123.65,2292.25,9.27206e-05,2121.2,2292.67,9.26836e-05,2120.35,2289.63,9.25479e-05,2117.25,2288.4,9.26472e-05,2119.52,2279.51,9.22347e-05,2110.08,2310.09,9.0569e-05,2071.98,2387.37,9.30248e-05,2128.16,2384.51,9.31985e-05,2132.13,2383.74,9.32458e-05,2133.21,2379.44,9.35076e-05,2139.21,2373,9.40581e-05,2151.8,2362.72,9.51064e-05,2175.78,2352.5,9.48035e-05,2168.85,2350.56,9.47471e-05,2167.56,2340.87,9.44621e-05,2161.04,2313.69,9.3653e-05,2142.53,2316.49,9.34009e-05,2136.76,2291.91,9.28491e-05,2124.14,2291.13,9.28296e-05,2123.69,2290.68,9.28656e-05,2124.52,2315.3,9.34179e-05,2137.15,2312.56,9.36661e-05,2142.83,2340.37,9.44947e-05,2161.79,2351.99,9.48361e-05,2169.6,2363.11,9.51653e-05,2177.13,2373.81,9.40746e-05,2152.18,2380.21,9.3528e-05,2139.67,2388.61,9.3016e-05,2127.96,2309.92,9.05155e-05,2070.75,2278.32,9.22372e-05,2110.14,2288.59,9.27134e-05,2121.03,2289.84,9.26131e-05,2118.74,2292.25,27.5001,2121.2,2292.67,27.5001,2120.35,2289.63,27.5001,2117.25,2288.4,27.5001,2119.52,2279.51,27.5001,2110.08,2310.09,27.5001,2071.98,2387.37,27.5001,2128.16,2384.51,27.5001,2132.13,2383.74,27.5001,2133.21,2379.44,27.5001,2139.21,2373,27.5001,2151.8,2362.72,27.5001,2175.78,2352.5,27.5001,2168.85,2350.56,27.5001,2167.56,2340.87,27.5001,2161.04,2313.69,27.5001,2142.53,2316.49,27.5001,2136.76,2291.91,27.5001,2124.14,2291.13,27.5001,2123.69,2290.68,27.5001,2124.52,2315.3,27.5001,2137.15,2312.56,27.5001,2142.83,2340.37,27.5001,2161.79,2351.99,27.5001,2169.6,2363.11,27.5001,2177.13,2373.81,27.5001,2152.18,2380.21,27.5001,2139.67,2388.61,27.5001,2127.96,2309.92,27.5001,2070.75,2278.32,27.5001,2110.14,2288.59,27.5001,2121.03,2289.84,27.5001,2118.74,2278.31,9.22372e-05,2110.14,2288.6,9.27143e-05,2121.06,2289.84,9.26141e-05,2118.76,2292.3,9.2724e-05,2121.28,2291.12,9.28291e-05,2123.68,2290.66,9.28656e-05,2124.52,2315.29,9.34184e-05,2137.16,2312.53,9.36666e-05,2142.84,2340.36,9.44952e-05,2161.8,2351.99,9.48366e-05,2169.61,2363.12,9.51663e-05,2177.15,2373.82,9.40751e-05,2152.19,2380.23,9.3528e-05,2139.67,2388.64,9.3016e-05,2127.96,2309.92,9.05145e-05,2070.73,2278.31,25.0001,2110.14,2288.6,25.0001,2121.06,2289.84,25.0001,2118.76,2292.3,25.0001,2121.28,2291.12,25.0001,2123.68,2290.66,25.0001,2124.52,2315.29,25.0001,2137.16,2312.53,25.0001,2142.84,2340.36,25.0001,2161.8,2351.99,25.0001,2169.61,2363.12,25.0001,2177.15,2373.82,25.0001,2152.19,2380.23,25.0001,2139.67,2388.64,25.0001,2127.96,2309.92,25.0001,2070.73,2360.3,9.38963e-05,2148.1,2353.31,9.37334e-05,2144.37,2350.13,9.39943e-05,2150.34,2357.11,9.41572e-05,2154.07,2360.3,27.5001,2148.1,2353.31,27.5001,2144.37,2350.13,27.5001,2150.34,2357.11,27.5001,2154.07,2343.81,9.34621e-05,2138.16,2348.07,9.3555e-05,2140.29,2356.56,9.28108e-05,2123.26,2352.3,9.27179e-05,2121.14,2343.81,27.5001,2138.16,2348.07,27.5001,2140.29,2356.56,27.5001,2123.26,2352.3,27.5001,2121.14,2318.69,9.34957e-05,2138.93,2316.5,9.36889e-05,2143.35,2343.24,9.42679e-05,2156.6,2345.59,9.40611e-05,2151.87,2343.31,9.40115e-05,2150.73,2345.9,9.37823e-05,2145.49,2338.76,9.36277e-05,2141.95,2336.01,9.38705e-05,2147.51,2318.69,27.5001,2138.93,2316.5,27.5001,2143.35,2343.24,27.5001,2156.6,2345.59,27.5001,2151.87,2343.31,27.5001,2150.73,2345.9,27.5001,2145.49,2338.76,27.5001,2141.95,2336.01,27.5001,2147.51,2363.37,9.22623e-05,2110.71,2361.31,9.24321e-05,2114.6,2370.84,9.26232e-05,2118.97,2367.96,9.28685e-05,2124.58,2375.12,9.30265e-05,2128.2,2376.52,9.29393e-05,2126.2,2384.51,9.31985e-05,2132.13,2387.37,9.30248e-05,2128.16,2363.37,27.5001,2110.71,2361.31,27.5001,2114.6,2370.84,27.5001,2118.97,2367.96,27.5001,2124.58,2375.12,27.5001,2128.2,2376.52,27.5001,2126.2,2384.51,27.5001,2132.13,2387.37,27.5001,2128.16,2373,9.40581e-05,2151.8,2379.44,9.35076e-05,2139.21,2383.74,9.32458e-05,2133.21,2375.59,9.3043e-05,2128.58,2373.71,9.32192e-05,2132.61,2369.46,9.31156e-05,2130.24,2357.75,9.41129e-05,2153.05,2350.56,9.47471e-05,2167.56,2352.5,9.48035e-05,2168.85,2362.72,9.51064e-05,2175.78,2373,27.5001,2151.8,2379.44,27.5001,2139.21,2383.74,27.5001,2133.21,2375.59,27.5001,2128.58,2373.71,27.5001,2132.61,2369.46,27.5001,2130.24,2357.75,27.5001,2153.05,2350.56,27.5001,2167.56,2352.5,27.5001,2168.85,2362.72,27.5001,2175.78,2373.82,9.40751e-05,2152.19,2373.88,9.40766e-05,2152.22,2380.28,9.35295e-05,2139.71,2380.23,9.3528e-05,2139.67,2373.82,23.0001,2152.19,2373.88,23.0001,2152.22,2380.28,23.0001,2139.71,2380.23,23.0001,2139.67],
    "faces":[1,5,0,6,11,1,0,1,7,6,1,1,2,8,7,1,2,3,9,8,1,3,4,10,9,1,4,5,11,10,0,11,6,7,0,7,8,9,0,9,10,11,0,7,9,11,1,43,12,44,75,1,12,13,45,44,1,13,14,46,45,1,14,15,47,46,1,15,16,48,47,1,16,17,49,48,1,17,18,50,49,1,18,19,51,50,1,19,20,52,51,1,20,21,53,52,1,21,22,54,53,1,22,23,55,54,1,23,24,56,55,1,24,25,57,56,1,25,26,58,57,1,26,27,59,58,1,27,28,60,59,1,28,29,61,60,1,29,30,62,61,1,30,31,63,62,1,31,32,64,63,1,32,33,65,64,1,33,34,66,65,1,34,35,67,66,1,35,36,68,67,1,36,37,69,68,1,37,38,70,69,1,38,39,71,70,1,39,40,72,71,1,40,41,73,72,1,41,42,74,73,1,42,43,75,74,0,75,44,45,0,50,51,52,0,52,53,54,0,55,56,57,0,75,45,46,0,65,66,67,0,65,67,68,0,61,62,63,0,55,57,58,0,75,46,47,0,61,63,64,0,74,75,47,0,60,61,64,0,59,60,64,0,73,74,47,0,73,47,48,0,59,64,65,0,58,59,65,0,72,73,48,0,72,48,49,0,58,65,68,0,55,58,68,0,55,68,69,0,72,49,50,0,54,55,69,0,71,72,50,0,54,69,70,0,70,71,50,0,52,54,70,0,50,52,70,1,90,76,91,105,1,76,77,92,91,1,77,78,93,92,1,78,79,94,93,1,79,80,95,94,1,80,81,96,95,1,81,82,97,96,1,82,83,98,97,1,83,84,99,98,1,84,85,100,99,1,85,86,101,100,1,86,87,102,101,1,87,88,103,102,1,88,89,104,103,1,89,90,105,104,0,105,91,92,0,105,92,93,0,103,104,105,0,100,101,102,0,102,103,105,0,105,93,94,0,95,96,97,0,102,105,94,0,94,95,97,0,97,98,99,0,99,100,102,0,102,94,97,0,97,99,102,1,109,106,110,113,1,106,107,111,110,1,107,108,112,111,1,108,109,113,112,1,110,111,112,113,1,117,114,118,121,1,114,115,119,118,1,115,116,120,119,1,116,117,121,120,1,118,119,120,121,1,129,122,130,137,1,122,123,131,130,1,123,124,132,131,1,124,125,133,132,1,125,126,134,133,1,126,127,135,134,1,127,128,136,135,1,128,129,137,136,0,137,130,131,0,131,132,133,0,134,135,136,0,131,133,134,0,134,136,137,0,131,134,137,1,145,138,146,153,1,138,139,147,146,1,139,140,148,147,1,140,141,149,148,1,141,142,150,149,1,142,143,151,150,1,143,144,152,151,1,144,145,153,152,0,146,147,148,0,148,149,150,0,151,152,153,0,148,150,151,0,153,146,148,0,148,151,153,1,163,154,164,173,1,154,155,165,164,1,155,156,166,165,1,156,157,167,166,1,157,158,168,167,1,158,159,169,168,1,159,160,170,169,1,160,161,171,170,1,161,162,172,171,1,162,163,173,172,0,165,166,167,0,168,169,170,0,165,167,168,0,172,173,164,0,164,165,168,0,168,170,171,0,171,172,164,0,164,168,171,1,177,174,178,181,1,174,175,179,178,1,175,176,180,179,1,176,177,181,180,1,178,179,180,181]
}