{
    "metadata":{
        "type":"Geometry",
        "vertices":212,
        "generator":"io_three",
        "version":3,
        "faces":202
    },
    "vertices":[4590.04,20.0001,1477.51,4578.17,20.0001,1485.56,4590.73,20.0001,1504.18,4594.25,20.0001,1501.78,4606.76,20.0001,1520.3,4613.21,20.0001,1515.92,4623.88,20.0001,1531.43,4630,20.0001,1527.15,4636.39,20.0001,1536.5,4652.05,20.0001,1525.88,4670.62,20.0001,1512.78,4664.01,20.0001,1503.3,4669.11,20.0001,1499.65,4669.62,20.0001,1499.29,4660.77,20.0001,1486.18,4666.97,20.0001,1481.97,4652.63,20.0001,1460.72,4655.6,20.0001,1458.7,4642.15,20.0001,1438.8,4630.05,20.0001,1447.01,4628.47,20.0001,1444.68,4586.92,20.0001,1472.89,4590.04,34.5001,1477.51,4578.17,34.5001,1485.56,4590.73,34.5001,1504.18,4594.25,34.5001,1501.78,4606.76,34.5001,1520.3,4613.21,34.5001,1515.92,4623.88,34.5001,1531.43,4630,34.5001,1527.15,4636.39,34.5001,1536.5,4652.05,34.5001,1525.88,4670.62,34.5001,1512.78,4664.01,34.5001,1503.3,4669.11,34.5001,1499.65,4669.62,34.5001,1499.29,4660.77,34.5001,1486.18,4666.97,34.5001,1481.97,4652.63,34.5001,1460.72,4655.6,34.5001,1458.7,4642.15,34.5001,1438.8,4630.05,34.5001,1447.01,4628.47,34.5001,1444.68,4586.92,34.5001,1472.89,4620.34,6.0994e-05,1395.38,4620.37,6.07045e-05,1388.76,4616.23,6.07061e-05,1388.79,4616.31,6.09971e-05,1395.45,4612.38,6.10001e-05,1395.52,4612.38,6.10425e-05,1396.49,4599.39,6.10469e-05,1396.59,4599.35,6.10045e-05,1395.62,4547.73,6.10275e-05,1396.15,4516.51,6.38606e-05,1460.96,4565.39,6.49356e-05,1485.55,4551.29,6.62164e-05,1514.85,4588.08,6.70027e-05,1532.84,4585.67,6.72189e-05,1537.79,4573.8,6.82923e-05,1562.35,4579.62,6.84147e-05,1565.15,4579.53,6.84244e-05,1565.37,4616.98,6.92292e-05,1583.78,4621.21,6.90369e-05,1579.38,4620.55,6.90048e-05,1578.65,4621.35,6.89687e-05,1577.82,4624.15,6.90927e-05,1580.66,4624.87,6.9062e-05,1579.95,4624.74,6.90547e-05,1579.79,4630.44,6.88204e-05,1574.43,4635.01,6.8649e-05,1570.51,4635.99,6.86134e-05,1569.69,4640.72,6.84517e-05,1565.99,4641.74,6.84186e-05,1565.23,4646.67,6.8267e-05,1561.77,4647.71,6.82354e-05,1561.04,4652.81,6.80941e-05,1557.81,4653.91,6.80648e-05,1557.14,4659.05,6.79323e-05,1554.11,4665.59,6.77894e-05,1550.84,4666.75,6.77646e-05,1550.27,4672.23,6.76558e-05,1547.79,4673.43,6.76349e-05,1547.31,4679.07,6.75427e-05,1545.2,4680.28,6.75241e-05,1544.77,4685.71,6.74529e-05,1543.14,4687.15,6.74319e-05,1542.66,4692.58,6.73694e-05,1541.23,4693.6,6.73616e-05,1541.05,4692.72,6.71937e-05,1537.21,4693.88,6.7183e-05,1536.97,4694.07,6.72185e-05,1537.78,4699.97,6.71642e-05,1536.54,4685.59,6.09724e-05,1394.89,4681.84,6.09896e-05,1395.28,4680.5,6.09965e-05,1395.44,4681.02,6.12529e-05,1401.3,4660.44,6.13228e-05,1402.9,4659.47,6.10421e-05,1396.48,4661.15,6.10323e-05,1396.26,4661.09,6.09783e-05,1395.02,4620.34,20.0001,1395.38,4620.37,20.0001,1388.76,4616.23,20.0001,1388.79,4616.31,20.0001,1395.45,4612.38,20.0001,1395.52,4612.38,20.0001,1396.49,4599.39,20.0001,1396.59,4599.35,20.0001,1395.62,4547.73,20.0001,1396.15,4516.51,20.0001,1460.96,4565.39,20.0001,1485.55,4551.29,20.0001,1514.85,4588.08,20.0001,1532.84,4585.67,20.0001,1537.79,4573.8,20.0001,1562.35,4579.62,20.0001,1565.15,4579.53,20.0001,1565.37,4616.98,20.0001,1583.78,4621.21,20.0001,1579.38,4620.55,20.0001,1578.65,4621.35,20.0001,1577.82,4624.15,20.0001,1580.66,4624.87,20.0001,1579.95,4624.74,20.0001,1579.79,4630.44,20.0001,1574.43,4635.01,20.0001,1570.51,4635.99,20.0001,1569.69,4640.72,20.0001,1565.99,4641.74,20.0001,1565.23,4646.67,20.0001,1561.77,4647.71,20.0001,1561.04,4652.81,20.0001,1557.81,4653.91,20.0001,1557.14,4659.05,20.0001,1554.11,4665.59,20.0001,1550.84,4666.75,20.0001,1550.27,4672.23,20.0001,1547.79,4673.43,20.0001,1547.31,4679.07,20.0001,1545.2,4680.28,20.0001,1544.77,4685.71,20.0001,1543.14,4687.15,20.0001,1542.66,4692.58,20.0001,1541.23,4693.6,20.0001,1541.05,4692.72,20.0001,1537.21,4693.88,20.0001,1536.97,4694.07,20.0001,1537.78,4699.97,20.0001,1536.54,4685.59,20.0001,1394.89,4681.84,20.0001,1395.28,4680.5,20.0001,1395.44,4681.02,20.0001,1401.3,4660.44,20.0001,1402.9,4659.47,20.0001,1396.48,4661.15,20.0001,1396.26,4661.09,20.0001,1395.02,4625.91,20.0001,1440.06,4596.58,20.0001,1443.06,4583.81,20.0001,1469.66,4586.92,20.0001,1472.89,4626.17,20.0001,1446.24,4625.91,22.0001,1440.06,4596.58,22.0001,1443.06,4583.81,22.0001,1469.66,4586.92,22.0001,1472.89,4626.17,22.0001,1446.24,4678.03,6.10107e-05,1395.76,4677.96,6.09878e-05,1395.24,4677.11,6.09917e-05,1395.33,4677.02,6.09708e-05,1394.85,4661.09,6.09783e-05,1395.02,4661.15,6.10323e-05,1396.26,4659.47,6.10421e-05,1396.48,4660.44,6.13228e-05,1402.9,4681.02,6.12529e-05,1401.3,4680.5,6.09965e-05,1395.44,4678.03,20.0001,1395.76,4677.96,20.0001,1395.24,4677.11,20.0001,1395.33,4677.02,20.0001,1394.85,4661.09,20.0001,1395.02,4661.15,20.0001,1396.26,4659.47,20.0001,1396.48,4660.44,20.0001,1402.9,4681.02,20.0001,1401.3,4680.5,20.0001,1395.44,4681.52,6.08582e-05,1392.27,4681.88,6.08553e-05,1392.21,4681.82,6.08276e-05,1391.57,4660.58,6.09223e-05,1393.74,4660.67,6.0951e-05,1394.4,4660.89,6.09501e-05,1394.37,4661.09,6.09783e-05,1395.02,4677.02,6.09708e-05,1394.85,4677.11,6.09917e-05,1395.33,4677.96,6.09878e-05,1395.24,4678.03,6.10107e-05,1395.76,4680.5,6.09965e-05,1395.44,4681.84,6.09896e-05,1395.28,4681.52,6.00006,1392.27,4681.88,6.00006,1392.21,4681.82,6.00006,1391.57,4660.58,6.00006,1393.74,4660.67,6.00006,1394.4,4660.89,6.00006,1394.37,4661.09,6.00006,1395.02,4677.02,6.00006,1394.85,4677.11,6.00006,1395.33,4677.96,6.00006,1395.24,4678.03,6.00006,1395.76,4680.5,6.00006,1395.44,4681.84,6.00006,1395.28],