{
    "metadata":{
        "type":"Geometry",
        "vertices":240,
        "generator":"io_three",
        "version":3,
        "faces":157
    },
    "vertices":[4663.4,9.06944e-05,2074.85,4651.2,9.06983e-05,2074.94,4651.22,9.07835e-05,2076.88,4651.22,9.07796e-05,2076.79,4663.42,9.07752e-05,2076.69,4663.4,6.00009,2074.85,4651.2,6.00009,2074.94,4651.22,6.00009,2076.88,4651.22,6.00009,2076.79,4663.42,6.00009,2076.69,4596.48,2.70009,2068.46,4604.06,2.70009,2085.4,4696.4,2.70009,2085.94,4688.29,2.70009,2068.12,4596.48,21.5001,2068.46,4604.06,21.5001,2085.4,4696.4,21.5001,2085.94,4688.29,21.5001,2068.12,4595.68,9.03346e-05,2066.61,4596.49,9.04148e-05,2068.45,4616.61,9.00408e-05,2059.89,4615.45,8.99285e-05,2057.32,4595.68,12.0001,2066.61,4596.49,12.0001,2068.45,4616.61,12.0001,2059.89,4615.45,12.0001,2057.32,4710.39,9.04736e-05,2069.79,4710.94,9.04726e-05,2069.77,4710.92,9.04483e-05,2069.22,4710.36,9.04488e-05,2069.23,4710.39,2.70009,2069.79,4710.94,2.70009,2069.77,4710.92,2.70009,2069.22,4710.36,2.70009,2069.23,4707.31,9.04732e-05,2069.79,4707.87,9.04722e-05,2069.76,4707.85,9.04479e-05,2069.21,4707.3,9.04489e-05,2069.23,4707.31,2.70009,2069.79,4707.87,2.70009,2069.76,4707.85,2.70009,2069.21,4707.3,2.70009,2069.23,4699.41,9.04706e-05,2069.73,4699.97,9.04701e-05,2069.72,4699.96,9.04453e-05,2069.15,4699.4,9.04463e-05,2069.17,4699.41,2.70009,2069.73,4699.97,2.70009,2069.72,4699.96,2.70009,2069.15,4699.4,2.70009,2069.17,4692.17,9.0469e-05,2069.69,4692.73,9.0468e-05,2069.67,4692.71,9.04436e-05,2069.11,4692.15,9.04442e-05,2069.12,4692.17,2.70009,2069.69,4692.73,2.70009,2069.67,4692.71,2.70009,2069.11,4692.15,2.70009,2069.12,4694.37,9.06888e-05,2074.72,4694.93,9.06883e-05,2074.71,4694.92,9.06635e-05,2074.14,4694.36,9.06645e-05,2074.16,4694.37,2.70009,2074.72,4694.93,2.70009,2074.71,4694.92,2.70009,2074.14,4694.36,2.70009,2074.16,4701.67,9.06905e-05,2074.76,4702.23,9.06895e-05,2074.73,4702.21,9.06651e-05,2074.18,4701.65,9.06657e-05,2074.19,4701.67,2.70009,2074.76,4702.23,2.70009,2074.73,4702.21,2.70009,2074.18,4701.65,2.70009,2074.19,4709.35,9.06906e-05,2074.76,4709.91,9.06897e-05,2074.74,4709.89,9.06653e-05,2074.18,4709.33,9.06658e-05,2074.19,4709.35,2.70009,2074.76,4709.91,2.70009,2074.74,4709.89,2.70009,2074.18,4709.33,2.70009,2074.19,4712.58,9.069e-05,2074.75,4713.13,9.0689e-05,2074.72,4713.12,9.06647e-05,2074.17,4712.56,9.06652e-05,2074.18,4712.58,2.70009,2074.75,4713.13,2.70009,2074.72,4713.12,2.70009,2074.17,4712.56,2.70009,2074.18,4714.8,9.09075e-05,2079.72,4715.36,9.09065e-05,2079.7,4715.34,9.08821e-05,2079.14,4714.78,9.08826e-05,2079.15,4714.8,2.70009,2079.72,4715.36,2.70009,2079.7,4715.34,2.70009,2079.14,4714.78,2.70009,2079.15,4711.3,9.09081e-05,2079.73,4711.86,9.09071e-05,2079.71,4711.85,9.08828e-05,2079.16,4711.29,9.08833e-05,2079.17,4711.3,2.70009,2079.73,4711.86,2.70009,2079.71,4711.85,2.70009,2079.16,4711.29,2.70009,2079.17,4703.87,9.09074e-05,2079.72,4704.43,9.09064e-05,2079.7,4704.4,9.08821e-05,2079.14,4703.85,9.08826e-05,2079.15,4703.87,2.70009,2079.72,4704.43,2.70009,2079.7,4704.4,2.70009,2079.14,4703.85,2.70009,2079.15,4696.63,9.09062e-05,2079.69,4697.19,9.09052e-05,2079.67,4697.17,9.08809e-05,2079.11,4696.61,9.08819e-05,2079.14,4696.63,2.70009,2079.69,4697.19,2.70009,2079.67,4697.17,2.70009,2079.11,4696.61,2.70009,2079.14,4698.97,9.11271e-05,2084.74,4699.53,9.11265e-05,2084.73,4699.52,9.11017e-05,2084.16,4698.96,9.11027e-05,2084.19,4698.97,2.70009,2084.74,4699.53,2.70009,2084.73,4699.52,2.70009,2084.16,4698.96,2.70009,2084.19,4706.21,9.11321e-05,2084.86,4706.77,9.11316e-05,2084.85,4706.75,9.11068e-05,2084.28,4706.19,9.11078e-05,2084.3,4706.21,2.70009,2084.86,4706.77,2.70009,2084.85,4706.75,2.70009,2084.28,4706.19,2.70009,2084.3,4713.4,9.11333e-05,2084.89,4713.96,9.11328e-05,2084.88,4713.94,9.1108e-05,2084.31,4713.38,9.1109e-05,2084.33,4713.4,2.70009,2084.89,4713.96,2.70009,2084.88,4713.94,2.70009,2084.31,4713.38,2.70009,2084.33,4717.03,9.11312e-05,2084.84,4717.59,9.11307e-05,2084.83,4717.58,9.11059e-05,2084.26,4717.02,9.11069e-05,2084.28,4717.03,2.70009,2084.84,4717.59,2.70009,2084.83,4717.58,2.70009,2084.26,4717.02,2.70009,2084.28,4696.4,2.70009,2085.94,4717.83,2.70009,2085.76,4718.49,2.70009,2085.75,4710.53,2.70009,2068.11,4688.29,2.70009,2068.12,4696.4,21.5001,2085.94,4717.83,21.5001,2085.76,4718.49,21.5001,2085.75,4710.53,21.5001,2068.11,4688.29,21.5001,2068.12,4620.42,9.04085e-05,2068.31,4626.79,9.04073e-05,2068.28,4597.55,8.75385e-05,2002.65,4597.91,8.75307e-05,2002.47,4597.75,8.75176e-05,2002.17,4597.64,8.75079e-05,2001.95,4591.57,8.76268e-05,2004.67,4620.42,12.0001,2068.31,4626.79,12.0001,2068.28,4597.55,12.0001,2002.65,4597.91,12.0001,2002.47,4597.75,12.0001,2002.17,4597.64,12.0001,2001.95,4591.57,12.0001,2004.67,4579.8,8.87888e-05,2031.25,4584.08,8.92056e-05,2040.79,4603.74,8.88e-05,2031.51,4599.42,8.83832e-05,2021.97,4579.8,12.0001,2031.25,4584.08,12.0001,2040.79,4603.74,12.0001,2031.51,4599.42,12.0001,2021.97,4598.32,8.82781e-05,2019.57,4591.57,8.76268e-05,2004.67,4571.85,8.8014e-05,2013.53,4578.75,8.86867e-05,2028.91,4598.32,12.0001,2019.57,4591.57,12.0001,2004.67,4571.85,12.0001,2013.53,4578.75,12.0001,2028.91,4599.42,8.83832e-05,2021.97,4598.32,8.82781e-05,2019.57,4578.75,8.86867e-05,2028.91,4579.8,8.87888e-05,2031.25,4599.42,12.0001,2021.97,4598.32,12.0001,2019.57,4578.75,12.0001,2028.91,4579.8,12.0001,2031.25,4584.08,8.92056e-05,2040.79,4585.18,8.93122e-05,2043.22,4604.84,8.89056e-05,2033.92,4603.74,8.88e-05,2031.51,4584.08,12.0001,2040.79,4585.18,12.0001,2043.22,4604.84,12.0001,2033.92,4603.74,12.0001,2031.51,4585.18,8.93122e-05,2043.22,4590.3,8.98102e-05,2054.62,4609.98,8.94022e-05,2045.28,4604.84,8.89056e-05,2033.92,4585.18,12.0001,2043.22,4590.3,12.0001,2054.62,4609.98,12.0001,2045.28,4604.84,12.0001,2033.92,4590.3,8.98102e-05,2054.62,4591.37,8.99153e-05,2057.02,4611.06,8.95058e-05,2047.65,4609.98,8.94022e-05,2045.28,4590.3,12.0001,2054.62,4591.37,12.0001,2057.02,4611.06,12.0001,2047.65,4609.98,12.0001,2045.28,4591.37,8.99153e-05,2057.02,4595.68,9.03346e-05,2066.61,4615.45,8.99285e-05,2057.32,4611.06,8.95058e-05,2047.65,4591.37,12.0001,2057.02,4595.68,12.0001,2066.61,4615.45,12.0001,2057.32,4611.06,12.0001,2047.65,4596.49,9.04148e-05,2068.45,4620.42,9.04085e-05,2068.31,4616.61,9.00408e-05,2059.89,4596.49,12.0001,2068.45,4620.42,12.0001,2068.31,4616.61,12.0001,2059.89],