{
    "metadata":{
        "type":"Geometry",
        "vertices":254,
        "generator":"io_three",
        "version":3,
        "faces":220
    },
    "vertices":[4316.77,47.0001,1710.05,4316.77,47.0001,1710.56,4321.49,47.0001,1721.56,4321.87,47.0001,1722.14,4322.8,47.0001,1722.18,4328.97,47.0001,1719.46,4329.22,47.0001,1718.88,4329.37,47.0001,1717.95,4324.63,47.0001,1707.4,4323.98,47.0001,1706.94,4323.29,47.0001,1706.78,4317.19,47.0001,1709.46,4316.77,54.0001,1710.05,4316.77,54.0001,1710.56,4321.49,54.0001,1721.56,4321.87,54.0001,1722.14,4322.8,54.0001,1722.18,4328.97,54.0001,1719.46,4329.22,54.0001,1718.88,4329.37,54.0001,1717.95,4324.63,54.0001,1707.4,4323.98,54.0001,1706.94,4323.29,54.0001,1706.78,4317.19,54.0001,1709.46,4321.06,7.54611e-05,1726.35,4333.27,7.52168e-05,1720.76,4324.9,7.44138e-05,1702.39,4312.7,7.4658e-05,1707.98,4321.06,6.00008,1726.35,4333.27,6.00008,1720.76,4324.9,6.00007,1702.39,4312.7,6.00007,1707.98,4321.06,47.0001,1726.35,4312.7,47.0001,1707.98,4333.27,47.0001,1720.76,4324.9,47.0001,1702.39,4506.68,47.0001,1648.06,4506.79,47.0001,1648.69,4511.48,47.0001,1659.48,4511.93,47.0001,1660.1,4512.8,47.0001,1660.19,4518.93,47.0001,1657.47,4519.32,47.0001,1656.86,4519.33,47.0001,1656.06,4514.64,47.0001,1645.25,4514.07,47.0001,1644.83,4513.31,47.0001,1644.75,4507.18,47.0001,1647.49,4506.68,54.0001,1648.06,4506.79,54.0001,1648.69,4511.48,54.0001,1659.48,4511.93,54.0001,1660.1,4512.8,54.0001,1660.19,4518.93,54.0001,1657.47,4519.32,54.0001,1656.86,4519.33,54.0001,1656.06,4514.64,54.0001,1645.25,4514.07,54.0001,1644.83,4513.31,54.0001,1644.75,4507.18,54.0001,1647.49,4511.34,7.27587e-05,1664.52,4523.58,7.2513e-05,1658.9,4515.04,7.16949e-05,1640.19,4502.79,7.19406e-05,1645.81,4511.34,6.00007,1664.52,4523.58,6.00007,1658.9,4515.04,6.00007,1640.19,4502.79,6.00007,1645.81,4511.34,47.0001,1664.52,4502.79,47.0001,1645.81,4523.58,47.0001,1658.9,4515.04,47.0001,1640.19,4535.98,47.0001,1601.64,4536.09,47.0001,1602.25,4540.78,47.0001,1613.05,4541.23,47.0001,1613.67,4542.1,47.0001,1613.76,4548.23,47.0001,1611.04,4548.62,47.0001,1610.42,4548.62,47.0001,1609.62,4543.94,47.0001,1598.82,4543.36,47.0001,1598.4,4542.6,47.0001,1598.32,4536.48,47.0001,1601.05,4535.98,54.0001,1601.64,4536.09,54.0001,1602.25,4540.78,54.0001,1613.05,4541.23,54.0001,1613.67,4542.1,54.0001,1613.76,4548.23,54.0001,1611.04,4548.62,54.0001,1610.42,4548.62,54.0001,1609.62,4543.94,54.0001,1598.82,4543.36,54.0001,1598.4,4542.6,54.0001,1598.32,4536.48,54.0001,1601.05,4540.83,7.07309e-05,1618.13,4553.14,7.04813e-05,1612.42,4544.09,6.96617e-05,1593.67,4532.12,6.99142e-05,1599.45,4540.83,6.00007,1618.13,4553.14,6.00007,1612.42,4544.09,6.00007,1593.67,4532.12,6.00007,1599.45,4540.83,6.00007,1618.13,4532.12,6.00007,1599.45,4553.14,6.00007,1612.42,4544.09,6.00007,1593.67,4540.83,6.00007,1618.13,4532.12,6.00007,1599.45,4553.14,6.00007,1612.42,4544.09,6.00007,1593.67,4540.83,47.0001,1618.13,4532.12,47.0001,1599.45,4553.14,47.0001,1612.42,4544.09,47.0001,1593.67,4342.81,47.0001,1651.82,4342.81,47.0001,1652.32,4347.53,47.0001,1663.33,4347.9,47.0001,1663.91,4348.83,47.0001,1663.95,4355,47.0001,1661.23,4355.25,47.0001,1660.65,4355.41,47.0001,1659.72,4350.66,47.0001,1649.17,4350.01,47.0001,1648.71,4349.32,47.0001,1648.55,4343.22,47.0001,1651.23,4342.81,54.0001,1651.82,4342.81,54.0001,1652.32,4347.53,54.0001,1663.33,4347.9,54.0001,1663.91,4348.83,54.0001,1663.95,4355,54.0001,1661.23,4355.25,54.0001,1660.65,4355.41,54.0001,1659.72,4350.66,54.0001,1649.17,4350.01,54.0001,1648.71,4349.32,54.0001,1648.55,4343.22,54.0001,1651.23,4346.86,7.29259e-05,1668.35,4359.1,7.26856e-05,1662.85,4350.82,7.18748e-05,1644.3,4338.58,7.21151e-05,1649.8,4346.86,6.00007,1668.35,4359.1,6.00007,1662.85,4350.82,6.00007,1644.3,4338.58,6.00007,1649.8,4346.86,47.0001,1668.35,4338.58,47.0001,1649.8,4359.1,47.0001,1662.85,4350.82,47.0001,1644.3,4407.78,47.0001,1664.86,4407.78,47.0001,1665.36,4412.5,47.0001,1676.37,4412.88,47.0001,1676.94,4413.81,47.0001,1676.99,4419.97,47.0001,1674.27,4420.23,47.0001,1673.69,4420.38,47.0001,1672.75,4415.63,47.0001,1662.2,4414.98,47.0001,1661.75,4414.3,47.0001,1661.58,4408.19,47.0001,1664.27,4407.78,54.0001,1664.86,4407.78,54.0001,1665.36,4412.5,54.0001,1676.37,4412.88,54.0001,1676.94,4413.81,54.0001,1676.99,4419.97,54.0001,1674.27,4420.23,54.0001,1673.69,4420.38,54.0001,1672.75,4415.63,54.0001,1662.2,4414.98,54.0001,1661.75,4414.3,54.0001,1661.58,4408.19,54.0001,1664.27,4412.76,7.35522e-05,1682.68,4424.81,7.33074e-05,1677.08,4414.75,7.23643e-05,1655.5,4402.83,7.26027e-05,1660.96,4412.76,6.00007,1682.68,4424.81,6.00007,1677.08,4414.75,6.00007,1655.5,4402.83,6.00007,1660.96,4412.76,47.0001,1682.68,4402.83,47.0001,1660.96,4424.81,47.0001,1677.08,4414.75,47.0001,1655.5,4565.62,7.06185e-05,1615.56,4565.54,7.06098e-05,1615.36,4557.94,7.07492e-05,1618.55,4528.07,7.13138e-05,1631.47,4538.58,7.23056e-05,1654.16,4550.04,7.20711e-05,1648.79,4545.2,7.15823e-05,1637.61,4549.96,7.14853e-05,1635.39,4555.08,7.19721e-05,1646.53,4575.94,7.15631e-05,1637.17,4565.62,6.00007,1615.56,4565.54,6.00007,1615.36,4557.94,6.00007,1618.55,4528.07,6.00007,1631.47,4538.58,6.00007,1654.16,4550.04,6.00007,1648.79,4545.2,6.00007,1637.61,4549.96,6.00007,1635.39,4555.08,6.00007,1646.53,4575.94,6.00007,1637.17,4386.34,47.0001,1704.67,4386.34,47.0001,1705.18,4391.06,47.0001,1716.18,4391.44,47.0001,1716.76,4392.37,47.0001,1716.8,4398.54,47.0001,1714.08,4398.79,47.0001,1713.5,4398.94,47.0001,1712.57,4394.2,47.0001,1702.02,4393.55,47.0001,1701.56,4392.86,47.0001,1701.4,4386.75,47.0001,1704.08,4386.34,54.0001,1704.67,4386.34,54.0001,1705.18,4391.06,54.0001,1716.18,4391.44,54.0001,1716.76,4392.37,54.0001,1716.8,4398.54,54.0001,1714.08,4398.79,54.0001,1713.5,4398.94,54.0001,1712.57,4394.2,54.0001,1702.02,4393.55,54.0001,1701.56,4392.86,54.0001,1701.4,4386.75,54.0001,1704.08,4390.72,7.52274e-05,1721,4403.08,7.49894e-05,1715.56,4394.72,7.41728e-05,1696.88,4382.14,7.44151e-05,1702.42,4390.72,6.00008,1721,4403.08,6.00007,1715.56,4394.72,6.00007,1696.88,4382.14,6.00007,1702.42,4390.72,47.0001,1721,4382.14,47.0001,1702.42,4403.08,47.0001,1715.56,4394.72,47.0001,1696.88,4569.98,7.10169e-05,1624.68,4581.74,7.07775e-05,1619.2,4577.64,7.0384e-05,1610.2,4569.61,7.05395e-05,1613.76,4565.62,7.06185e-05,1615.56,4569.98,6.00007,1624.68,4581.74,6.00007,1619.2,4577.64,6.00007,1610.2,4569.61,6.00007,1613.76,4565.62,6.00007,1615.56],