{
    "metadata":{
        "type":"Geometry",
        "vertices":49,
        "generator":"io_three",
        "version":3,
        "faces":41
    },
    "vertices":[1700.56,30.0002,4537.17,1704.21,30.0002,4544.09,1712.04,30.0002,4546.34,1718.25,30.0002,4543.02,1720.23,30.0002,4535.2,1716.94,30.0002,4528.52,1709.29,30.0002,4526.46,1702.1,30.0002,4530.42,1700.56,60.0002,4537.17,1704.21,60.0002,4544.09,1712.04,60.0002,4546.34,1718.25,60.0002,4543.02,1720.23,60.0002,4535.2,1716.94,60.0002,4528.52,1709.29,60.0002,4526.46,1702.1,60.0002,4530.42,1707.41,60.0002,4538.29,1712.85,60.0002,4539.52,1714.02,60.0002,4534.4,1708.57,60.0002,4533.15,1707.41,63.0002,4538.29,1712.85,63.0002,4539.52,1714.02,63.0002,4534.4,1708.57,63.0002,4533.15,1710.71,69.0002,4536.34,1719.36,0.000198437,4539.71,1720.26,0.0001985,4541.14,1721.9,0.000198516,4541.52,1723.33,0.000198477,4540.63,1723.72,0.000198405,4538.98,1722.82,0.000198342,4537.54,1721.17,0.000198326,4537.17,1719.74,0.000198365,4538.06,1719.36,69.0002,4539.71,1720.26,69.0002,4541.14,1721.9,69.0002,4541.52,1723.33,69.0002,4540.63,1723.72,69.0002,4538.98,1722.82,69.0002,4537.54,1721.17,69.0002,4537.17,1719.74,69.0002,4538.06,1713.51,60.0002,4536.64,1713.14,60.0002,4538.28,1719.36,60.0002,4539.71,1719.74,60.0002,4538.06,1713.51,63.0002,4536.64,1713.14,63.0002,4538.28,1719.36,63.0002,4539.71,1719.74,63.0002,4538.06],
    "faces":[1,7,0,8,15,1,0,1,9,8,1,1,2,10,9,1,2,3,11,10,1,3,4,12,11,1,4,5,13,12,1,5,6,14,13,1,6,7,15,14,0,15,8,9,0,9,10,11,0,11,12,13,0,13,14,15,0,15,9,11,0,11,13,15,1,19,16,20,23,1,16,17,21,20,1,17,18,22,21,1,18,19,23,22,0,23,20,24,0,20,21,24,0,21,22,24,0,22,23,24,1,32,25,33,40,1,25,26,34,33,1,26,27,35,34,1,27,28,36,35,1,28,29,37,36,1,29,30,38,37,1,30,31,39,38,1,31,32,40,39,0,40,33,34,0,34,35,36,0,36,37,38,0,38,39,40,0,40,34,36,0,36,38,40,1,44,41,45,48,1,41,42,46,45,1,42,43,47,46,1,43,44,48,47,1,45,46,47,48]
}